{"cameraMode":{"drawMode":0,"name":"Shaded","section":"Shading Mode"},"sceneLighting":true,"audioPlay":false,"sceneViewState":{"showFog":true,"showMaterialUpdate":false,"showSkybox":true,"showFlares":true,"showImageEffects":true,"showParticleSystems":true},"in2DMode":false,"pivot":{"x":293.1574401855469,"y":236.95567321777345,"z":954.0447387695313},"rotation":{"x":-0.06761409342288971,"y":0.06490232050418854,"z":-0.0044077318161726,"w":-0.9955915212631226},"size":1406.5472412109375,"orthographic":false}