{"cameraMode":{"drawMode":0,"name":"Shaded","section":"Shading Mode"},"sceneLighting":true,"audioPlay":false,"sceneViewState":{"showFog":true,"showMaterialUpdate":false,"showSkybox":true,"showFlares":true,"showImageEffects":true,"showParticleSystems":true},"in2DMode":false,"pivot":{"x":568.6888427734375,"y":294.9104309082031,"z":1266.010498046875},"rotation":{"x":0.028174931183457376,"y":0.02908157743513584,"z":0.0008193435496650636,"w":-0.9991815686225891},"size":706.7273559570313,"orthographic":true}